Name,URL
AB Aviation,https://www.airlinequality.com/airline-reviews/ab-aviation/?sortby=post_date%3ADesc&pagesize=100
Adria Airways,https://www.airlinequality.com/airline-reviews/adria-airways/?sortby=post_date%3ADesc&pagesize=100
Aegean Airlines,https://www.airlinequality.com/airline-reviews/aegean-airlines/?sortby=post_date%3ADesc&pagesize=100
Aer Lingus,https://www.airlinequality.com/airline-reviews/aer-lingus/?sortby=post_date%3ADesc&pagesize=100
Aero VIP,https://www.airlinequality.com/airline-reviews/aero-vip/?sortby=post_date%3ADesc&pagesize=100
Aerocaribbean,https://www.airlinequality.com/airline-reviews/aerocaribbean/?sortby=post_date%3ADesc&pagesize=100
Aeroflot Russian Airlines,https://www.airlinequality.com/airline-reviews/aeroflot-russian-airlines/?sortby=post_date%3ADesc&pagesize=100
AeroItalia,https://www.airlinequality.com/airline-reviews/aeroitalia/?sortby=post_date%3ADesc&pagesize=100
Aerolineas Argentinas,https://www.airlinequality.com/airline-reviews/aerolineas-argentinas/?sortby=post_date%3ADesc&pagesize=100
Aeromar,https://www.airlinequality.com/airline-reviews/aeromar/?sortby=post_date%3ADesc&pagesize=100
Aeromexico,https://www.airlinequality.com/airline-reviews/aeromexico/?sortby=post_date%3ADesc&pagesize=100
Aerosur,https://www.airlinequality.com/airline-reviews/aerosur/?sortby=post_date%3ADesc&pagesize=100
Africa World Airlines,https://www.airlinequality.com/airline-reviews/africa-world-airlines/?sortby=post_date%3ADesc&pagesize=100
Afriqiyah Airways,https://www.airlinequality.com/airline-reviews/afriqiyah-airways/?sortby=post_date%3ADesc&pagesize=100
Aigle Azur,https://www.airlinequality.com/airline-reviews/aigle-azur/?sortby=post_date%3ADesc&pagesize=100
Air Algerie,https://www.airlinequality.com/airline-reviews/air-algerie/?sortby=post_date%3ADesc&pagesize=100
Air Antilles,https://www.airlinequality.com/airline-reviews/air-antilles/?sortby=post_date%3ADesc&pagesize=100
Air Arabia,https://www.airlinequality.com/airline-reviews/air-arabia/?sortby=post_date%3ADesc&pagesize=100
Air Astana,https://www.airlinequality.com/airline-reviews/air-astana/?sortby=post_date%3ADesc&pagesize=100
Air Austral,https://www.airlinequality.com/airline-reviews/air-austral/?sortby=post_date%3ADesc&pagesize=100
Air Bagan,https://www.airlinequality.com/airline-reviews/air-bagan/?sortby=post_date%3ADesc&pagesize=100
Air Belgium,https://www.airlinequality.com/airline-reviews/air-belgium/?sortby=post_date%3ADesc&pagesize=100
Air Berlin,https://www.airlinequality.com/airline-reviews/air-berlin/?sortby=post_date%3ADesc&pagesize=100
Air Botswana,https://www.airlinequality.com/airline-reviews/air-botswana/?sortby=post_date%3ADesc&pagesize=100
Air Burkina,https://www.airlinequality.com/airline-reviews/air-burkina/?sortby=post_date%3ADesc&pagesize=100
Air Busan,https://www.airlinequality.com/airline-reviews/air-busan/?sortby=post_date%3ADesc&pagesize=100
Air Cairo,https://www.airlinequality.com/airline-reviews/air-cairo/?sortby=post_date%3ADesc&pagesize=100
Air Canada,https://www.airlinequality.com/airline-reviews/air-canada/?sortby=post_date%3ADesc&pagesize=100
Air Canada rouge,https://www.airlinequality.com/airline-reviews/air-canada-rouge/?sortby=post_date%3ADesc&pagesize=100
Air Caraibes,https://www.airlinequality.com/airline-reviews/air-caraibes/?sortby=post_date%3ADesc&pagesize=100
Air China,https://www.airlinequality.com/airline-reviews/air-china/?sortby=post_date%3ADesc&pagesize=100
Air Corsica,https://www.airlinequality.com/airline-reviews/air-corsica/?sortby=post_date%3ADesc&pagesize=100
Air Costa,https://www.airlinequality.com/airline-reviews/air-costa/?sortby=post_date%3ADesc&pagesize=100
Air Cote d'Ivoire,https://www.airlinequality.com/airline-reviews/air-cote-d'ivoire/?sortby=post_date%3ADesc&pagesize=100
Air Djibouti,https://www.airlinequality.com/airline-reviews/air-djibouti/?sortby=post_date%3ADesc&pagesize=100
Air Dolomiti,https://www.airlinequality.com/airline-reviews/air-dolomiti/?sortby=post_date%3ADesc&pagesize=100
Air Europa,https://www.airlinequality.com/airline-reviews/air-europa/?sortby=post_date%3ADesc&pagesize=100
Air France,https://www.airlinequality.com/airline-reviews/air-france/?sortby=post_date%3ADesc&pagesize=100
Air Greenland,https://www.airlinequality.com/airline-reviews/air-greenland/?sortby=post_date%3ADesc&pagesize=100
Air Iceland Connect,https://www.airlinequality.com/airline-reviews/air-iceland-connect/?sortby=post_date%3ADesc&pagesize=100
Air India,https://www.airlinequality.com/airline-reviews/air-india/?sortby=post_date%3ADesc&pagesize=100
Air India Express,https://www.airlinequality.com/airline-reviews/air-india-express/?sortby=post_date%3ADesc&pagesize=100
Air Italy,https://www.airlinequality.com/airline-reviews/air-italy/?sortby=post_date%3ADesc&pagesize=100
Air Juan,https://www.airlinequality.com/airline-reviews/air-juan/?sortby=post_date%3ADesc&pagesize=100
Air KBZ,https://www.airlinequality.com/airline-reviews/air-kbz/?sortby=post_date%3ADesc&pagesize=100
Air Koryo,https://www.airlinequality.com/airline-reviews/air-koryo/?sortby=post_date%3ADesc&pagesize=100
Air Labrador,https://www.airlinequality.com/airline-reviews/air-labrador/?sortby=post_date%3ADesc&pagesize=100
Air Macau,https://www.airlinequality.com/airline-reviews/air-macau/?sortby=post_date%3ADesc&pagesize=100
Air Madagascar,https://www.airlinequality.com/airline-reviews/air-madagascar/?sortby=post_date%3ADesc&pagesize=100
Air Malawi,https://www.airlinequality.com/airline-reviews/air-malawi/?sortby=post_date%3ADesc&pagesize=100
Air Malta,https://www.airlinequality.com/airline-reviews/air-malta/?sortby=post_date%3ADesc&pagesize=100
Air Mauritius,https://www.airlinequality.com/airline-reviews/air-mauritius/?sortby=post_date%3ADesc&pagesize=100
Air Mediterranee,https://www.airlinequality.com/airline-reviews/air-mediterranee/?sortby=post_date%3ADesc&pagesize=100
Air Memphis,https://www.airlinequality.com/airline-reviews/air-memphis/?sortby=post_date%3ADesc&pagesize=100
Air Moldova,https://www.airlinequality.com/airline-reviews/air-moldova/?sortby=post_date%3ADesc&pagesize=100
Air Montenegro,https://www.airlinequality.com/airline-reviews/air-montenegro/?sortby=post_date%3ADesc&pagesize=100
Air Namibia,https://www.airlinequality.com/airline-reviews/air-namibia/?sortby=post_date%3ADesc&pagesize=100
Air New Zealand,https://www.airlinequality.com/airline-reviews/air-new-zealand/?sortby=post_date%3ADesc&pagesize=100
Air Niugini,https://www.airlinequality.com/airline-reviews/air-niugini/?sortby=post_date%3ADesc&pagesize=100
Air North Yukon's Airline,https://www.airlinequality.com/airline-reviews/air-north-yukon's-airline/?sortby=post_date%3ADesc&pagesize=100
Air Nostrum,https://www.airlinequality.com/airline-reviews/air-nostrum/?sortby=post_date%3ADesc&pagesize=100
Air Panama,https://www.airlinequality.com/airline-reviews/air-panama/?sortby=post_date%3ADesc&pagesize=100
Air Pegasus,https://www.airlinequality.com/airline-reviews/air-pegasus/?sortby=post_date%3ADesc&pagesize=100
Air Premia,https://www.airlinequality.com/airline-reviews/air-premia/?sortby=post_date%3ADesc&pagesize=100
Air Rarotonga,https://www.airlinequality.com/airline-reviews/air-rarotonga/?sortby=post_date%3ADesc&pagesize=100
Air Senegal,https://www.airlinequality.com/airline-reviews/air-senegal/?sortby=post_date%3ADesc&pagesize=100
Air Serbia,https://www.airlinequality.com/airline-reviews/air-serbia/?sortby=post_date%3ADesc&pagesize=100
Air Seychelles,https://www.airlinequality.com/airline-reviews/air-seychelles/?sortby=post_date%3ADesc&pagesize=100
Air Tahiti Nui,https://www.airlinequality.com/airline-reviews/air-tahiti-nui/?sortby=post_date%3ADesc&pagesize=100
Air Tanzania,https://www.airlinequality.com/airline-reviews/air-tanzania/?sortby=post_date%3ADesc&pagesize=100
Air Transat,https://www.airlinequality.com/airline-reviews/air-transat/?sortby=post_date%3ADesc&pagesize=100
Air Vanuatu,https://www.airlinequality.com/airline-reviews/air-vanuatu/?sortby=post_date%3ADesc&pagesize=100
Air Zimbabwe,https://www.airlinequality.com/airline-reviews/air-zimbabwe/?sortby=post_date%3ADesc&pagesize=100
AirAsia,https://www.airlinequality.com/airline-reviews/airasia/?sortby=post_date%3ADesc&pagesize=100
AirAsia India,https://www.airlinequality.com/airline-reviews/airasia-india/?sortby=post_date%3ADesc&pagesize=100
AirAsia Philippines,https://www.airlinequality.com/airline-reviews/airasia-philippines/?sortby=post_date%3ADesc&pagesize=100
AirAsia X,https://www.airlinequality.com/airline-reviews/airasia-x/?sortby=post_date%3ADesc&pagesize=100
AirAsia Zest,https://www.airlinequality.com/airline-reviews/airasia-zest/?sortby=post_date%3ADesc&pagesize=100
airBaltic,https://www.airlinequality.com/airline-reviews/airbaltic/?sortby=post_date%3ADesc&pagesize=100
airblue,https://www.airlinequality.com/airline-reviews/airblue/?sortby=post_date%3ADesc&pagesize=100
Aircalin,https://www.airlinequality.com/airline-reviews/aircalin/?sortby=post_date%3ADesc&pagesize=100
AirConnect,https://www.airlinequality.com/airline-reviews/airconnect/?sortby=post_date%3ADesc&pagesize=100
AIRDO,https://www.airlinequality.com/airline-reviews/airdo/?sortby=post_date%3ADesc&pagesize=100
Airlink,https://www.airlinequality.com/airline-reviews/airlink/?sortby=post_date%3ADesc&pagesize=100
Airnorth,https://www.airlinequality.com/airline-reviews/airnorth/?sortby=post_date%3ADesc&pagesize=100
AirSWIFT,https://www.airlinequality.com/airline-reviews/airswift/?sortby=post_date%3ADesc&pagesize=100
AJet,https://www.airlinequality.com/airline-reviews/ajet/?sortby=post_date%3ADesc&pagesize=100
Akasa Air,https://www.airlinequality.com/airline-reviews/akasa-air/?sortby=post_date%3ADesc&pagesize=100
Alaska Airlines,https://www.airlinequality.com/airline-reviews/alaska-airlines/?sortby=post_date%3ADesc&pagesize=100
Alitalia,https://www.airlinequality.com/airline-reviews/alitalia/?sortby=post_date%3ADesc&pagesize=100
Allegiant Air,https://www.airlinequality.com/airline-reviews/allegiant-air/?sortby=post_date%3ADesc&pagesize=100
Alliance Air,https://www.airlinequality.com/airline-reviews/alliance-air/?sortby=post_date%3ADesc&pagesize=100
Alliance Airlines,https://www.airlinequality.com/airline-reviews/alliance-airlines/?sortby=post_date%3ADesc&pagesize=100
Amaszonas,https://www.airlinequality.com/airline-reviews/amaszonas/?sortby=post_date%3ADesc&pagesize=100
American Airlines,https://www.airlinequality.com/airline-reviews/american-airlines/?sortby=post_date%3ADesc&pagesize=100
American Eagle,https://www.airlinequality.com/airline-reviews/american-eagle/?sortby=post_date%3ADesc&pagesize=100
ANA All Nippon Airways,https://www.airlinequality.com/airline-reviews/ana-all-nippon-airways/?sortby=post_date%3ADesc&pagesize=100
AnadoluJet,https://www.airlinequality.com/airline-reviews/anadolujet/?sortby=post_date%3ADesc&pagesize=100
Andes Líneas Aéreas,https://www.airlinequality.com/airline-reviews/andes-lineas-aereas/?sortby=post_date%3ADesc&pagesize=100
Arajet,https://www.airlinequality.com/airline-reviews/arajet/?sortby=post_date%3ADesc&pagesize=100
Ariana Afghan Airlines,https://www.airlinequality.com/airline-reviews/ariana-afghan-airlines/?sortby=post_date%3ADesc&pagesize=100
Arik Air,https://www.airlinequality.com/airline-reviews/arik-air/?sortby=post_date%3ADesc&pagesize=100
Arkefly,https://www.airlinequality.com/airline-reviews/arkefly/?sortby=post_date%3ADesc&pagesize=100
Arkia Israeli Airlines,https://www.airlinequality.com/airline-reviews/arkia-israeli-airlines/?sortby=post_date%3ADesc&pagesize=100
Armenia Air Company,https://www.airlinequality.com/airline-reviews/armenia-air-company/?sortby=post_date%3ADesc&pagesize=100
Armenian Airlines,https://www.airlinequality.com/airline-reviews/armenian-airlines/?sortby=post_date%3ADesc&pagesize=100
Asiana Airlines,https://www.airlinequality.com/airline-reviews/asiana-airlines/?sortby=post_date%3ADesc&pagesize=100
ASKY Airlines,https://www.airlinequality.com/airline-reviews/asky-airlines/?sortby=post_date%3ADesc&pagesize=100
ATA Airlines,https://www.airlinequality.com/airline-reviews/ata-airlines/?sortby=post_date%3ADesc&pagesize=100
Atlantic Airways,https://www.airlinequality.com/airline-reviews/atlantic-airways/?sortby=post_date%3ADesc&pagesize=100
Atlasglobal,https://www.airlinequality.com/airline-reviews/atlasglobal/?sortby=post_date%3ADesc&pagesize=100
Auric Air,https://www.airlinequality.com/airline-reviews/auric-air/?sortby=post_date%3ADesc&pagesize=100
Aurigny Air,https://www.airlinequality.com/airline-reviews/aurigny-air/?sortby=post_date%3ADesc&pagesize=100
Austrian Airlines,https://www.airlinequality.com/airline-reviews/austrian-airlines/?sortby=post_date%3ADesc&pagesize=100
Avelo Airlines,https://www.airlinequality.com/airline-reviews/avelo-airlines/?sortby=post_date%3ADesc&pagesize=100
Avianca,https://www.airlinequality.com/airline-reviews/avianca/?sortby=post_date%3ADesc&pagesize=100
Avianca Brazil,https://www.airlinequality.com/airline-reviews/avianca-brazil/?sortby=post_date%3ADesc&pagesize=100
Avianca Ecuador,https://www.airlinequality.com/airline-reviews/avianca-ecuador/?sortby=post_date%3ADesc&pagesize=100
Avior Airlines,https://www.airlinequality.com/airline-reviews/avior-airlines/?sortby=post_date%3ADesc&pagesize=100
Azerbaijan Airlines,https://www.airlinequality.com/airline-reviews/azerbaijan-airlines/?sortby=post_date%3ADesc&pagesize=100
Azul Airlines,https://www.airlinequality.com/airline-reviews/azul-airlines/?sortby=post_date%3ADesc&pagesize=100
Azur Air Germany,https://www.airlinequality.com/airline-reviews/azur-air-germany/?sortby=post_date%3ADesc&pagesize=100
BA CityFlyer,https://www.airlinequality.com/airline-reviews/ba-cityflyer/?sortby=post_date%3ADesc&pagesize=100
Badr Airlines,https://www.airlinequality.com/airline-reviews/badr-airlines/?sortby=post_date%3ADesc&pagesize=100
Bahamasair,https://www.airlinequality.com/airline-reviews/bahamasair/?sortby=post_date%3ADesc&pagesize=100
Bamboo Airways,https://www.airlinequality.com/airline-reviews/bamboo-airways/?sortby=post_date%3ADesc&pagesize=100
Bangkok Airways,https://www.airlinequality.com/airline-reviews/bangkok-airways/?sortby=post_date%3ADesc&pagesize=100
Bassaka Air,https://www.airlinequality.com/airline-reviews/bassaka-air/?sortby=post_date%3ADesc&pagesize=100
Batik Air,https://www.airlinequality.com/airline-reviews/batik-air/?sortby=post_date%3ADesc&pagesize=100
Beijing Capital Airlines,https://www.airlinequality.com/airline-reviews/beijing-capital-airlines/?sortby=post_date%3ADesc&pagesize=100
Belavia,https://www.airlinequality.com/airline-reviews/belavia/?sortby=post_date%3ADesc&pagesize=100
Berjaya Air,https://www.airlinequality.com/airline-reviews/berjaya-air/?sortby=post_date%3ADesc&pagesize=100
BH Air,https://www.airlinequality.com/airline-reviews/bh-air/?sortby=post_date%3ADesc&pagesize=100
Bhutan Airlines,https://www.airlinequality.com/airline-reviews/bhutan-airlines/?sortby=post_date%3ADesc&pagesize=100
Biman Bangladesh Airlines,https://www.airlinequality.com/airline-reviews/biman-bangladesh-airlines/?sortby=post_date%3ADesc&pagesize=100
Binter Canarias,https://www.airlinequality.com/airline-reviews/binter-canarias/?sortby=post_date%3ADesc&pagesize=100
Blu-express,https://www.airlinequality.com/airline-reviews/blu-express/?sortby=post_date%3ADesc&pagesize=100
Blue Air,https://www.airlinequality.com/airline-reviews/blue-air/?sortby=post_date%3ADesc&pagesize=100
Blue Islands,https://www.airlinequality.com/airline-reviews/blue-islands/?sortby=post_date%3ADesc&pagesize=100
Blue Panorama Airlines,https://www.airlinequality.com/airline-reviews/blue-panorama-airlines/?sortby=post_date%3ADesc&pagesize=100
Blue1,https://www.airlinequality.com/airline-reviews/blue1/?sortby=post_date%3ADesc&pagesize=100
Bluebird Airways,https://www.airlinequality.com/airline-reviews/bluebird-airways/?sortby=post_date%3ADesc&pagesize=100
bmi Regional,https://www.airlinequality.com/airline-reviews/bmi-regional/?sortby=post_date%3ADesc&pagesize=100
Boliviana de Aviacion,https://www.airlinequality.com/airline-reviews/boliviana-de-aviacion/?sortby=post_date%3ADesc&pagesize=100
BoraJet,https://www.airlinequality.com/airline-reviews/borajet/?sortby=post_date%3ADesc&pagesize=100
Boutique Air,https://www.airlinequality.com/airline-reviews/boutique-air/?sortby=post_date%3ADesc&pagesize=100
Breeze Airways,https://www.airlinequality.com/airline-reviews/breeze-airways/?sortby=post_date%3ADesc&pagesize=100
British Airways,https://www.airlinequality.com/airline-reviews/british-airways/?sortby=post_date%3ADesc&pagesize=100
Brussels Airlines,https://www.airlinequality.com/airline-reviews/brussels-airlines/?sortby=post_date%3ADesc&pagesize=100
Buddha Air,https://www.airlinequality.com/airline-reviews/buddha-air/?sortby=post_date%3ADesc&pagesize=100
Bulgaria Air,https://www.airlinequality.com/airline-reviews/bulgaria-air/?sortby=post_date%3ADesc&pagesize=100
Buraq Air,https://www.airlinequality.com/airline-reviews/buraq-air/?sortby=post_date%3ADesc&pagesize=100
Buta Airways,https://www.airlinequality.com/airline-reviews/buta-airways/?sortby=post_date%3ADesc&pagesize=100
Camair-Co,https://www.airlinequality.com/airline-reviews/camair-co/?sortby=post_date%3ADesc&pagesize=100
Cambodia Airways,https://www.airlinequality.com/airline-reviews/cambodia-airways/?sortby=post_date%3ADesc&pagesize=100
Cambodia Angkor Air,https://www.airlinequality.com/airline-reviews/cambodia-angkor-air/?sortby=post_date%3ADesc&pagesize=100
Cambodia Bayon Airlines,https://www.airlinequality.com/airline-reviews/cambodia-bayon-airlines/?sortby=post_date%3ADesc&pagesize=100
Canadian North,https://www.airlinequality.com/airline-reviews/canadian-north/?sortby=post_date%3ADesc&pagesize=100
Canaryfly,https://www.airlinequality.com/airline-reviews/canaryfly/?sortby=post_date%3ADesc&pagesize=100
Cape Air,https://www.airlinequality.com/airline-reviews/cape-air/?sortby=post_date%3ADesc&pagesize=100
Caribbean Airlines,https://www.airlinequality.com/airline-reviews/caribbean-airlines/?sortby=post_date%3ADesc&pagesize=100
Carpatair,https://www.airlinequality.com/airline-reviews/carpatair/?sortby=post_date%3ADesc&pagesize=100
Cathay Dragon,https://www.airlinequality.com/airline-reviews/cathay-dragon/?sortby=post_date%3ADesc&pagesize=100
Cathay Pacific Airways,https://www.airlinequality.com/airline-reviews/cathay-pacific-airways/?sortby=post_date%3ADesc&pagesize=100
Cayman Airways,https://www.airlinequality.com/airline-reviews/cayman-airways/?sortby=post_date%3ADesc&pagesize=100
Cebu Pacific,https://www.airlinequality.com/airline-reviews/cebu-pacific/?sortby=post_date%3ADesc&pagesize=100
CemAir,https://www.airlinequality.com/airline-reviews/cemair/?sortby=post_date%3ADesc&pagesize=100
Central Mountain Air,https://www.airlinequality.com/airline-reviews/central-mountain-air/?sortby=post_date%3ADesc&pagesize=100
China Airlines,https://www.airlinequality.com/airline-reviews/china-airlines/?sortby=post_date%3ADesc&pagesize=100
China Eastern Airlines,https://www.airlinequality.com/airline-reviews/china-eastern-airlines/?sortby=post_date%3ADesc&pagesize=100
China Southern Airlines,https://www.airlinequality.com/airline-reviews/china-southern-airlines/?sortby=post_date%3ADesc&pagesize=100
China United Airlines,https://www.airlinequality.com/airline-reviews/china-united-airlines/?sortby=post_date%3ADesc&pagesize=100
Citilink,https://www.airlinequality.com/airline-reviews/citilink/?sortby=post_date%3ADesc&pagesize=100
CityJet,https://www.airlinequality.com/airline-reviews/cityjet/?sortby=post_date%3ADesc&pagesize=100
Coastal Aviation,https://www.airlinequality.com/airline-reviews/coastal-aviation/?sortby=post_date%3ADesc&pagesize=100
Cobalt,https://www.airlinequality.com/airline-reviews/cobalt/?sortby=post_date%3ADesc&pagesize=100
Comair,https://www.airlinequality.com/airline-reviews/comair/?sortby=post_date%3ADesc&pagesize=100
Condor Airlines,https://www.airlinequality.com/airline-reviews/condor-airlines/?sortby=post_date%3ADesc&pagesize=100
Contour Airlines,https://www.airlinequality.com/airline-reviews/contour-airlines/?sortby=post_date%3ADesc&pagesize=100
Conviasa,https://www.airlinequality.com/airline-reviews/conviasa/?sortby=post_date%3ADesc&pagesize=100
Copa Airlines,https://www.airlinequality.com/airline-reviews/copa-airlines/?sortby=post_date%3ADesc&pagesize=100
Corendon Airlines,https://www.airlinequality.com/airline-reviews/corendon-airlines/?sortby=post_date%3ADesc&pagesize=100
Corsair,https://www.airlinequality.com/airline-reviews/corsair/?sortby=post_date%3ADesc&pagesize=100
Croatia Airlines,https://www.airlinequality.com/airline-reviews/croatia-airlines/?sortby=post_date%3ADesc&pagesize=100
CSA Czech Airlines,https://www.airlinequality.com/airline-reviews/csa-czech-airlines/?sortby=post_date%3ADesc&pagesize=100
Cubana Airlines,https://www.airlinequality.com/airline-reviews/cubana-airlines/?sortby=post_date%3ADesc&pagesize=100
Cyprus Airways,https://www.airlinequality.com/airline-reviews/cyprus-airways/?sortby=post_date%3ADesc&pagesize=100
Danish Air Transport,https://www.airlinequality.com/airline-reviews/danish-air-transport/?sortby=post_date%3ADesc&pagesize=100
Darwin Airline,https://www.airlinequality.com/airline-reviews/darwin-airline/?sortby=post_date%3ADesc&pagesize=100
Delta Air Lines,https://www.airlinequality.com/airline-reviews/delta-air-lines/?sortby=post_date%3ADesc&pagesize=100
Dimonim Air,https://www.airlinequality.com/airline-reviews/dimonim-air/?sortby=post_date%3ADesc&pagesize=100
Discover Airlines,https://www.airlinequality.com/airline-reviews/discover-airlines/?sortby=post_date%3ADesc&pagesize=100
Dniproavia,https://www.airlinequality.com/airline-reviews/dniproavia/?sortby=post_date%3ADesc&pagesize=100
Dragonair,https://www.airlinequality.com/airline-reviews/dragonair/?sortby=post_date%3ADesc&pagesize=100
Druk Air,https://www.airlinequality.com/airline-reviews/druk-air/?sortby=post_date%3ADesc&pagesize=100
Dynamic International Airways,https://www.airlinequality.com/airline-reviews/dynamic-international-airways/?sortby=post_date%3ADesc&pagesize=100
Eastar Jet,https://www.airlinequality.com/airline-reviews/eastar-jet/?sortby=post_date%3ADesc&pagesize=100
Eastern Airlines,https://www.airlinequality.com/airline-reviews/eastern-airlines/?sortby=post_date%3ADesc&pagesize=100
Eastern Airways,https://www.airlinequality.com/airline-reviews/eastern-airways/?sortby=post_date%3ADesc&pagesize=100
Easyfly,https://www.airlinequality.com/airline-reviews/easyfly/?sortby=post_date%3ADesc&pagesize=100
easyJet,https://www.airlinequality.com/airline-reviews/easyjet/?sortby=post_date%3ADesc&pagesize=100
Edelweiss Air,https://www.airlinequality.com/airline-reviews/edelweiss-air/?sortby=post_date%3ADesc&pagesize=100
Egyptair,https://www.airlinequality.com/airline-reviews/egyptair/?sortby=post_date%3ADesc&pagesize=100
El Al Israel Airlines,https://www.airlinequality.com/airline-reviews/el-al-israel-airlines/?sortby=post_date%3ADesc&pagesize=100
Ellinair,https://www.airlinequality.com/airline-reviews/ellinair/?sortby=post_date%3ADesc&pagesize=100
Emirates,https://www.airlinequality.com/airline-reviews/emirates/?sortby=post_date%3ADesc&pagesize=100
Eritrean Airlines,https://www.airlinequality.com/airline-reviews/eritrean-airlines/?sortby=post_date%3ADesc&pagesize=100
Ernest Airlines,https://www.airlinequality.com/airline-reviews/ernest-airlines/?sortby=post_date%3ADesc&pagesize=100
Estonian Air,https://www.airlinequality.com/airline-reviews/estonian-air/?sortby=post_date%3ADesc&pagesize=100
Eswatini Air,https://www.airlinequality.com/airline-reviews/eswatini-air/?sortby=post_date%3ADesc&pagesize=100
Ethiopian Airlines,https://www.airlinequality.com/airline-reviews/ethiopian-airlines/?sortby=post_date%3ADesc&pagesize=100
Etihad Airways,https://www.airlinequality.com/airline-reviews/etihad-airways/?sortby=post_date%3ADesc&pagesize=100
euroAtlantic Airways,https://www.airlinequality.com/airline-reviews/euroatlantic-airways/?sortby=post_date%3ADesc&pagesize=100
Europe Airpost,https://www.airlinequality.com/airline-reviews/europe-airpost/?sortby=post_date%3ADesc&pagesize=100
Eurowings,https://www.airlinequality.com/airline-reviews/eurowings/?sortby=post_date%3ADesc&pagesize=100
EVA Air,https://www.airlinequality.com/airline-reviews/eva-air/?sortby=post_date%3ADesc&pagesize=100
Evelop Airlines,https://www.airlinequality.com/airline-reviews/evelop-airlines/?sortby=post_date%3ADesc&pagesize=100
EWA Air,https://www.airlinequality.com/airline-reviews/ewa-air/?sortby=post_date%3ADesc&pagesize=100
Ravn Alaska,https://www.airlinequality.com/airline-reviews/ravn-alaska/?sortby=post_date%3ADesc&pagesize=100
Far Eastern Air Transport,https://www.airlinequality.com/airline-reviews/far-eastern-air-transport/?sortby=post_date%3ADesc&pagesize=100
fastjet,https://www.airlinequality.com/airline-reviews/fastjet/?sortby=post_date%3ADesc&pagesize=100
Felix Airways,https://www.airlinequality.com/airline-reviews/felix-airways/?sortby=post_date%3ADesc&pagesize=100
Fiji Airways,https://www.airlinequality.com/airline-reviews/fiji-airways/?sortby=post_date%3ADesc&pagesize=100
Finnair,https://www.airlinequality.com/airline-reviews/finnair/?sortby=post_date%3ADesc&pagesize=100
Firefly,https://www.airlinequality.com/airline-reviews/firefly/?sortby=post_date%3ADesc&pagesize=100
Flair Airlines,https://www.airlinequality.com/airline-reviews/flair-airlines/?sortby=post_date%3ADesc&pagesize=100
Fly540.com,https://www.airlinequality.com/airline-reviews/fly540.com/?sortby=post_date%3ADesc&pagesize=100
flyadeal,https://www.airlinequality.com/airline-reviews/flyadeal/?sortby=post_date%3ADesc&pagesize=100
FlyArystan,https://www.airlinequality.com/airline-reviews/flyarystan/?sortby=post_date%3ADesc&pagesize=100
flybe,https://www.airlinequality.com/airline-reviews/flybe/?sortby=post_date%3ADesc&pagesize=100
flybondi,https://www.airlinequality.com/airline-reviews/flybondi/?sortby=post_date%3ADesc&pagesize=100
flydubai,https://www.airlinequality.com/airline-reviews/flydubai/?sortby=post_date%3ADesc&pagesize=100
FlyGabon,https://www.airlinequality.com/airline-reviews/flygabon/?sortby=post_date%3ADesc&pagesize=100
Flynas,https://www.airlinequality.com/airline-reviews/flynas/?sortby=post_date%3ADesc&pagesize=100
FLYONE,https://www.airlinequality.com/airline-reviews/flyone/?sortby=post_date%3ADesc&pagesize=100
FlySafair,https://www.airlinequality.com/airline-reviews/flysafair/?sortby=post_date%3ADesc&pagesize=100
FMI Air,https://www.airlinequality.com/airline-reviews/fmi-air/?sortby=post_date%3ADesc&pagesize=100
Freebird Airlines,https://www.airlinequality.com/airline-reviews/freebird-airlines/?sortby=post_date%3ADesc&pagesize=100
French Bee,https://www.airlinequality.com/airline-reviews/french-bee/?sortby=post_date%3ADesc&pagesize=100
Frontier Airlines,https://www.airlinequality.com/airline-reviews/frontier-airlines/?sortby=post_date%3ADesc&pagesize=100
Fuji Dream Airlines,https://www.airlinequality.com/airline-reviews/fuji-dream-airlines/?sortby=post_date%3ADesc&pagesize=100
Garuda Indonesia,https://www.airlinequality.com/airline-reviews/garuda-indonesia/?sortby=post_date%3ADesc&pagesize=100
Georgian Airways,https://www.airlinequality.com/airline-reviews/georgian-airways/?sortby=post_date%3ADesc&pagesize=100
Germania Airline,https://www.airlinequality.com/airline-reviews/germania-airline/?sortby=post_date%3ADesc&pagesize=100
Germanwings,https://www.airlinequality.com/airline-reviews/germanwings/?sortby=post_date%3ADesc&pagesize=100
Go First,https://www.airlinequality.com/airline-reviews/go-first/?sortby=post_date%3ADesc&pagesize=100
GoAir,https://www.airlinequality.com/airline-reviews/goair/?sortby=post_date%3ADesc&pagesize=100
Gol Transportes Aéreos,https://www.airlinequality.com/airline-reviews/gol-transportes-aereos/?sortby=post_date%3ADesc&pagesize=100
Golden Myanmar Airlines,https://www.airlinequality.com/airline-reviews/golden-myanmar-airlines/?sortby=post_date%3ADesc&pagesize=100
Grand Cru Airlines,https://www.airlinequality.com/airline-reviews/grand-cru-airlines/?sortby=post_date%3ADesc&pagesize=100
Greater Bay Airlines,https://www.airlinequality.com/airline-reviews/greater-bay-airlines/?sortby=post_date%3ADesc&pagesize=100
Gulf Air,https://www.airlinequality.com/airline-reviews/gulf-air/?sortby=post_date%3ADesc&pagesize=100
Hainan Airlines,https://www.airlinequality.com/airline-reviews/hainan-airlines/?sortby=post_date%3ADesc&pagesize=100
Hawaiian Airlines,https://www.airlinequality.com/airline-reviews/hawaiian-airlines/?sortby=post_date%3ADesc&pagesize=100
Helvetic Airways,https://www.airlinequality.com/airline-reviews/helvetic-airways/?sortby=post_date%3ADesc&pagesize=100
Henan Airlines,https://www.airlinequality.com/airline-reviews/henan-airlines/?sortby=post_date%3ADesc&pagesize=100
Hi Fly,https://www.airlinequality.com/airline-reviews/hi-fly/?sortby=post_date%3ADesc&pagesize=100
Himalaya Airlines,https://www.airlinequality.com/airline-reviews/himalaya-airlines/?sortby=post_date%3ADesc&pagesize=100
HiSky,https://www.airlinequality.com/airline-reviews/hisky/?sortby=post_date%3ADesc&pagesize=100
HK Express,https://www.airlinequality.com/airline-reviews/hk-express/?sortby=post_date%3ADesc&pagesize=100
Hong Kong Airlines,https://www.airlinequality.com/airline-reviews/hong-kong-airlines/?sortby=post_date%3ADesc&pagesize=100
HOP!,https://www.airlinequality.com/airline-reviews/hop!/?sortby=post_date%3ADesc&pagesize=100
Horizon Air,https://www.airlinequality.com/airline-reviews/horizon-air/?sortby=post_date%3ADesc&pagesize=100
Hunnu Air,https://www.airlinequality.com/airline-reviews/hunnu-air/?sortby=post_date%3ADesc&pagesize=100
Iberia,https://www.airlinequality.com/airline-reviews/iberia/?sortby=post_date%3ADesc&pagesize=100
Iberia Express,https://www.airlinequality.com/airline-reviews/iberia-express/?sortby=post_date%3ADesc&pagesize=100
Iberojet,https://www.airlinequality.com/airline-reviews/iberojet/?sortby=post_date%3ADesc&pagesize=100
Icelandair,https://www.airlinequality.com/airline-reviews/icelandair/?sortby=post_date%3ADesc&pagesize=100
IndiGo,https://www.airlinequality.com/airline-reviews/indigo/?sortby=post_date%3ADesc&pagesize=100
Insel Air,https://www.airlinequality.com/airline-reviews/insel-air/?sortby=post_date%3ADesc&pagesize=100
Intercaribbean Airways,https://www.airlinequality.com/airline-reviews/intercaribbean-airways/?sortby=post_date%3ADesc&pagesize=100
Interjet,https://www.airlinequality.com/airline-reviews/interjet/?sortby=post_date%3ADesc&pagesize=100
InterSky,https://www.airlinequality.com/airline-reviews/intersky/?sortby=post_date%3ADesc&pagesize=100
Iran Air,https://www.airlinequality.com/airline-reviews/iran-air/?sortby=post_date%3ADesc&pagesize=100
Iran Aseman Airlines,https://www.airlinequality.com/airline-reviews/iran-aseman-airlines/?sortby=post_date%3ADesc&pagesize=100
Iraqi Airways,https://www.airlinequality.com/airline-reviews/iraqi-airways/?sortby=post_date%3ADesc&pagesize=100
Island Air,https://www.airlinequality.com/airline-reviews/island-air/?sortby=post_date%3ADesc&pagesize=100
Israir Airlines,https://www.airlinequality.com/airline-reviews/israir-airlines/?sortby=post_date%3ADesc&pagesize=100
ITA Airways,https://www.airlinequality.com/airline-reviews/ita-airways/?sortby=post_date%3ADesc&pagesize=100
Jambojet,https://www.airlinequality.com/airline-reviews/jambojet/?sortby=post_date%3ADesc&pagesize=100
Japan Airlines,https://www.airlinequality.com/airline-reviews/japan-airlines/?sortby=post_date%3ADesc&pagesize=100
Jazeera Airways,https://www.airlinequality.com/airline-reviews/jazeera-airways/?sortby=post_date%3ADesc&pagesize=100
Jazz,https://www.airlinequality.com/airline-reviews/jazz/?sortby=post_date%3ADesc&pagesize=100
JC International Airlines,https://www.airlinequality.com/airline-reviews/jc-international-airlines/?sortby=post_date%3ADesc&pagesize=100
Jeju Air,https://www.airlinequality.com/airline-reviews/jeju-air/?sortby=post_date%3ADesc&pagesize=100
Jet Airways,https://www.airlinequality.com/airline-reviews/jet-airways/?sortby=post_date%3ADesc&pagesize=100
Jet2.com,https://www.airlinequality.com/airline-reviews/jet2.com/?sortby=post_date%3ADesc&pagesize=100
Jetairfly,https://www.airlinequality.com/airline-reviews/jetairfly/?sortby=post_date%3ADesc&pagesize=100
Jetblue Airways,https://www.airlinequality.com/airline-reviews/jetblue-airways/?sortby=post_date%3ADesc&pagesize=100
JetSmart,https://www.airlinequality.com/airline-reviews/jetsmart/?sortby=post_date%3ADesc&pagesize=100
Jetstar Airways,https://www.airlinequality.com/airline-reviews/jetstar-airways/?sortby=post_date%3ADesc&pagesize=100
Jetstar Asia,https://www.airlinequality.com/airline-reviews/jetstar-asia/?sortby=post_date%3ADesc&pagesize=100
Jetstar Japan,https://www.airlinequality.com/airline-reviews/jetstar-japan/?sortby=post_date%3ADesc&pagesize=100
Jetstar Pacific,https://www.airlinequality.com/airline-reviews/jetstar-pacific/?sortby=post_date%3ADesc&pagesize=100
JetsuiteX,https://www.airlinequality.com/airline-reviews/jetsuitex/?sortby=post_date%3ADesc&pagesize=100
Jin Air,https://www.airlinequality.com/airline-reviews/jin-air/?sortby=post_date%3ADesc&pagesize=100
Joon,https://www.airlinequality.com/airline-reviews/joon/?sortby=post_date%3ADesc&pagesize=100
Jordan Aviation,https://www.airlinequality.com/airline-reviews/jordan-aviation/?sortby=post_date%3ADesc&pagesize=100
Juneyao Air,https://www.airlinequality.com/airline-reviews/juneyao-air/?sortby=post_date%3ADesc&pagesize=100
Kam Air,https://www.airlinequality.com/airline-reviews/kam-air/?sortby=post_date%3ADesc&pagesize=100
Kan Air,https://www.airlinequality.com/airline-reviews/kan-air/?sortby=post_date%3ADesc&pagesize=100
Karthago Airlines,https://www.airlinequality.com/airline-reviews/karthago-airlines/?sortby=post_date%3ADesc&pagesize=100
KD Air,https://www.airlinequality.com/airline-reviews/kd-air/?sortby=post_date%3ADesc&pagesize=100
Kenya Airways,https://www.airlinequality.com/airline-reviews/kenya-airways/?sortby=post_date%3ADesc&pagesize=100
Kish Airlines,https://www.airlinequality.com/airline-reviews/kish-airlines/?sortby=post_date%3ADesc&pagesize=100
KLM Royal Dutch Airlines,https://www.airlinequality.com/airline-reviews/klm-royal-dutch-airlines/?sortby=post_date%3ADesc&pagesize=100
KM Malta Airlines,https://www.airlinequality.com/airline-reviews/km-malta-airlines/?sortby=post_date%3ADesc&pagesize=100
Korean Air,https://www.airlinequality.com/airline-reviews/korean-air/?sortby=post_date%3ADesc&pagesize=100
Kulula,https://www.airlinequality.com/airline-reviews/kulula/?sortby=post_date%3ADesc&pagesize=100
Kuwait Airways,https://www.airlinequality.com/airline-reviews/kuwait-airways/?sortby=post_date%3ADesc&pagesize=100
La Compagnie,https://www.airlinequality.com/airline-reviews/la-compagnie/?sortby=post_date%3ADesc&pagesize=100
LAM Mozambique,https://www.airlinequality.com/airline-reviews/lam-mozambique/?sortby=post_date%3ADesc&pagesize=100
LAN Airlines,https://www.airlinequality.com/airline-reviews/lan-airlines/?sortby=post_date%3ADesc&pagesize=100
LAN Colombia,https://www.airlinequality.com/airline-reviews/lan-colombia/?sortby=post_date%3ADesc&pagesize=100
LAN Peru,https://www.airlinequality.com/airline-reviews/lan-peru/?sortby=post_date%3ADesc&pagesize=100
Lao Airlines,https://www.airlinequality.com/airline-reviews/lao-airlines/?sortby=post_date%3ADesc&pagesize=100
Lao Skyway,https://www.airlinequality.com/airline-reviews/lao-skyway/?sortby=post_date%3ADesc&pagesize=100
LATAM Airlines,https://www.airlinequality.com/airline-reviews/latam-airlines/?sortby=post_date%3ADesc&pagesize=100
Laudamotion,https://www.airlinequality.com/airline-reviews/laudamotion/?sortby=post_date%3ADesc&pagesize=100
LC Perú,https://www.airlinequality.com/airline-reviews/lc-peru/?sortby=post_date%3ADesc&pagesize=100
Level,https://www.airlinequality.com/airline-reviews/level/?sortby=post_date%3ADesc&pagesize=100
LIAT,https://www.airlinequality.com/airline-reviews/liat/?sortby=post_date%3ADesc&pagesize=100
Libyan Airlines,https://www.airlinequality.com/airline-reviews/libyan-airlines/?sortby=post_date%3ADesc&pagesize=100
Lion Air,https://www.airlinequality.com/airline-reviews/lion-air/?sortby=post_date%3ADesc&pagesize=100
Loch Lomond Seaplanes,https://www.airlinequality.com/airline-reviews/loch-lomond-seaplanes/?sortby=post_date%3ADesc&pagesize=100
Loganair,https://www.airlinequality.com/airline-reviews/loganair/?sortby=post_date%3ADesc&pagesize=100
LOT Polish Airlines,https://www.airlinequality.com/airline-reviews/lot-polish-airlines/?sortby=post_date%3ADesc&pagesize=100
Lubeck Air,https://www.airlinequality.com/airline-reviews/lubeck-air/?sortby=post_date%3ADesc&pagesize=100
Lucky Air,https://www.airlinequality.com/airline-reviews/lucky-air/?sortby=post_date%3ADesc&pagesize=100
Lufthansa,https://www.airlinequality.com/airline-reviews/lufthansa/?sortby=post_date%3ADesc&pagesize=100
Luxair,https://www.airlinequality.com/airline-reviews/luxair/?sortby=post_date%3ADesc&pagesize=100
Lynx Air,https://www.airlinequality.com/airline-reviews/lynx-air/?sortby=post_date%3ADesc&pagesize=100
Mack Air,https://www.airlinequality.com/airline-reviews/mack-air/?sortby=post_date%3ADesc&pagesize=100
Madagasikara Airways,https://www.airlinequality.com/airline-reviews/madagasikara-airways/?sortby=post_date%3ADesc&pagesize=100
Mahan Air,https://www.airlinequality.com/airline-reviews/mahan-air/?sortby=post_date%3ADesc&pagesize=100
Malawian Airlines,https://www.airlinequality.com/airline-reviews/malawian-airlines/?sortby=post_date%3ADesc&pagesize=100
Malaysia Airlines,https://www.airlinequality.com/airline-reviews/malaysia-airlines/?sortby=post_date%3ADesc&pagesize=100
Maldivian,https://www.airlinequality.com/airline-reviews/maldivian/?sortby=post_date%3ADesc&pagesize=100
Malindo Air,https://www.airlinequality.com/airline-reviews/malindo-air/?sortby=post_date%3ADesc&pagesize=100
Malmo Aviation,https://www.airlinequality.com/airline-reviews/malmo-aviation/?sortby=post_date%3ADesc&pagesize=100
Mandarin Airlines,https://www.airlinequality.com/airline-reviews/mandarin-airlines/?sortby=post_date%3ADesc&pagesize=100
Mango Airlines,https://www.airlinequality.com/airline-reviews/mango-airlines/?sortby=post_date%3ADesc&pagesize=100
Mann Yadanarpon Airlines,https://www.airlinequality.com/airline-reviews/mann-yadanarpon-airlines/?sortby=post_date%3ADesc&pagesize=100
Manta Air,https://www.airlinequality.com/airline-reviews/manta-air/?sortby=post_date%3ADesc&pagesize=100
Martinair,https://www.airlinequality.com/airline-reviews/martinair/?sortby=post_date%3ADesc&pagesize=100
Mauritania Airlines,https://www.airlinequality.com/airline-reviews/mauritania-airlines/?sortby=post_date%3ADesc&pagesize=100
Maya Island Air,https://www.airlinequality.com/airline-reviews/maya-island-air/?sortby=post_date%3ADesc&pagesize=100
MAYAir,https://www.airlinequality.com/airline-reviews/mayair/?sortby=post_date%3ADesc&pagesize=100
MEGA Maldives Airlines,https://www.airlinequality.com/airline-reviews/mega-maldives-airlines/?sortby=post_date%3ADesc&pagesize=100
Meridiana,https://www.airlinequality.com/airline-reviews/meridiana/?sortby=post_date%3ADesc&pagesize=100
MIAT Mongolian Airlines,https://www.airlinequality.com/airline-reviews/miat-mongolian-airlines/?sortby=post_date%3ADesc&pagesize=100
Middle East Airlines,https://www.airlinequality.com/airline-reviews/middle-east-airlines/?sortby=post_date%3ADesc&pagesize=100
Mihin Lanka,https://www.airlinequality.com/airline-reviews/mihin-lanka/?sortby=post_date%3ADesc&pagesize=100
Mokulele Airlines,https://www.airlinequality.com/airline-reviews/mokulele-airlines/?sortby=post_date%3ADesc&pagesize=100
Moldavian Airlines,https://www.airlinequality.com/airline-reviews/moldavian-airlines/?sortby=post_date%3ADesc&pagesize=100
Monarch Airlines,https://www.airlinequality.com/airline-reviews/monarch-airlines/?sortby=post_date%3ADesc&pagesize=100
Montenegro Airlines,https://www.airlinequality.com/airline-reviews/montenegro-airlines/?sortby=post_date%3ADesc&pagesize=100
Motor Sich Airlines,https://www.airlinequality.com/airline-reviews/motor-sich-airlines/?sortby=post_date%3ADesc&pagesize=100
Myanmar Airways,https://www.airlinequality.com/airline-reviews/myanmar-airways/?sortby=post_date%3ADesc&pagesize=100
Myanmar National Airlines,https://www.airlinequality.com/airline-reviews/myanmar-national-airlines/?sortby=post_date%3ADesc&pagesize=100
NAM Air,https://www.airlinequality.com/airline-reviews/nam-air/?sortby=post_date%3ADesc&pagesize=100
Nature Air,https://www.airlinequality.com/airline-reviews/nature-air/?sortby=post_date%3ADesc&pagesize=100
Nauru Airlines,https://www.airlinequality.com/airline-reviews/nauru-airlines/?sortby=post_date%3ADesc&pagesize=100
Nepal Airlines,https://www.airlinequality.com/airline-reviews/nepal-airlines/?sortby=post_date%3ADesc&pagesize=100
New Pacific Airlines,https://www.airlinequality.com/airline-reviews/new-pacific-airlines/?sortby=post_date%3ADesc&pagesize=100
NextJet,https://www.airlinequality.com/airline-reviews/nextjet/?sortby=post_date%3ADesc&pagesize=100
NIKI,https://www.airlinequality.com/airline-reviews/niki/?sortby=post_date%3ADesc&pagesize=100
Nile Air,https://www.airlinequality.com/airline-reviews/nile-air/?sortby=post_date%3ADesc&pagesize=100
Nok Air,https://www.airlinequality.com/airline-reviews/nok-air/?sortby=post_date%3ADesc&pagesize=100
NokScoot,https://www.airlinequality.com/airline-reviews/nokscoot/?sortby=post_date%3ADesc&pagesize=100
Nordavia,https://www.airlinequality.com/airline-reviews/nordavia/?sortby=post_date%3ADesc&pagesize=100
Nordic Regional Airlines,https://www.airlinequality.com/airline-reviews/nordic-regional-airlines/?sortby=post_date%3ADesc&pagesize=100
Nordica,https://www.airlinequality.com/airline-reviews/nordica/?sortby=post_date%3ADesc&pagesize=100
NordStar,https://www.airlinequality.com/airline-reviews/nordstar/?sortby=post_date%3ADesc&pagesize=100
Nordwind Airlines,https://www.airlinequality.com/airline-reviews/nordwind-airlines/?sortby=post_date%3ADesc&pagesize=100
Norse Atlantic Airways,https://www.airlinequality.com/airline-reviews/norse-atlantic-airways/?sortby=post_date%3ADesc&pagesize=100
Norwegian,https://www.airlinequality.com/airline-reviews/norwegian/?sortby=post_date%3ADesc&pagesize=100
Nouvelair,https://www.airlinequality.com/airline-reviews/nouvelair/?sortby=post_date%3ADesc&pagesize=100
Novair,https://www.airlinequality.com/airline-reviews/novair/?sortby=post_date%3ADesc&pagesize=100
Novoair,https://www.airlinequality.com/airline-reviews/novoair/?sortby=post_date%3ADesc&pagesize=100
Okay Airways,https://www.airlinequality.com/airline-reviews/okay-airways/?sortby=post_date%3ADesc&pagesize=100
Olympic Air,https://www.airlinequality.com/airline-reviews/olympic-air/?sortby=post_date%3ADesc&pagesize=100
Oman Air,https://www.airlinequality.com/airline-reviews/oman-air/?sortby=post_date%3ADesc&pagesize=100
Omni Air International,https://www.airlinequality.com/airline-reviews/omni-air-international/?sortby=post_date%3ADesc&pagesize=100
Onur Air,https://www.airlinequality.com/airline-reviews/onur-air/?sortby=post_date%3ADesc&pagesize=100
Openskies,https://www.airlinequality.com/airline-reviews/openskies/?sortby=post_date%3ADesc&pagesize=100
Orient Thai Airlines,https://www.airlinequality.com/airline-reviews/orient-thai-airlines/?sortby=post_date%3ADesc&pagesize=100
Pacific Airlines,https://www.airlinequality.com/airline-reviews/pacific-airlines/?sortby=post_date%3ADesc&pagesize=100
Pakistan Intl Airlines,https://www.airlinequality.com/airline-reviews/pakistan-intl-airlines/?sortby=post_date%3ADesc&pagesize=100
PAL Express,https://www.airlinequality.com/airline-reviews/pal-express/?sortby=post_date%3ADesc&pagesize=100
Pan Pacific Airlines,https://www.airlinequality.com/airline-reviews/pan-pacific-airlines/?sortby=post_date%3ADesc&pagesize=100
Passaredo,https://www.airlinequality.com/airline-reviews/passaredo/?sortby=post_date%3ADesc&pagesize=100
Passion Air,https://www.airlinequality.com/airline-reviews/passion-air/?sortby=post_date%3ADesc&pagesize=100
PAWA Dominicana,https://www.airlinequality.com/airline-reviews/pawa-dominicana/?sortby=post_date%3ADesc&pagesize=100
Peach Aviation,https://www.airlinequality.com/airline-reviews/peach-aviation/?sortby=post_date%3ADesc&pagesize=100
Pegasus Airlines,https://www.airlinequality.com/airline-reviews/pegasus-airlines/?sortby=post_date%3ADesc&pagesize=100
Pelita Air,https://www.airlinequality.com/airline-reviews/pelita-air/?sortby=post_date%3ADesc&pagesize=100
PenAir,https://www.airlinequality.com/airline-reviews/penair/?sortby=post_date%3ADesc&pagesize=100
Peruvian Airlines,https://www.airlinequality.com/airline-reviews/peruvian-airlines/?sortby=post_date%3ADesc&pagesize=100
Petroleum Air Services,https://www.airlinequality.com/airline-reviews/petroleum-air-services/?sortby=post_date%3ADesc&pagesize=100
Philippine Airlines,https://www.airlinequality.com/airline-reviews/philippine-airlines/?sortby=post_date%3ADesc&pagesize=100
Phuket Air,https://www.airlinequality.com/airline-reviews/phuket-air/?sortby=post_date%3ADesc&pagesize=100
PLAY,https://www.airlinequality.com/airline-reviews/play/?sortby=post_date%3ADesc&pagesize=100
Pobeda Airlines,https://www.airlinequality.com/airline-reviews/pobeda-airlines/?sortby=post_date%3ADesc&pagesize=100
Porter Airlines,https://www.airlinequality.com/airline-reviews/porter-airlines/?sortby=post_date%3ADesc&pagesize=100
Precision Air,https://www.airlinequality.com/airline-reviews/precision-air/?sortby=post_date%3ADesc&pagesize=100
Primera Air,https://www.airlinequality.com/airline-reviews/primera-air/?sortby=post_date%3ADesc&pagesize=100
Privilege Style,https://www.airlinequality.com/airline-reviews/privilege-style/?sortby=post_date%3ADesc&pagesize=100
Qantas Airways,https://www.airlinequality.com/airline-reviews/qantas-airways/?sortby=post_date%3ADesc&pagesize=100
QantasLink,https://www.airlinequality.com/airline-reviews/qantaslink/?sortby=post_date%3ADesc&pagesize=100
Qatar Airways,https://www.airlinequality.com/airline-reviews/qatar-airways/?sortby=post_date%3ADesc&pagesize=100
Qazaq Air,https://www.airlinequality.com/airline-reviews/qazaq-air/?sortby=post_date%3ADesc&pagesize=100
Ravn Alaska,https://www.airlinequality.com/airline-reviews/ravn-alaska/?sortby=post_date%3ADesc&pagesize=100
Red Wings Airlines,https://www.airlinequality.com/airline-reviews/red-wings-airlines/?sortby=post_date%3ADesc&pagesize=100
Regent Airways,https://www.airlinequality.com/airline-reviews/regent-airways/?sortby=post_date%3ADesc&pagesize=100
Regional Express,https://www.airlinequality.com/airline-reviews/regional-express/?sortby=post_date%3ADesc&pagesize=100
Rex Airlines,https://www.airlinequality.com/airline-reviews/rex-airlines/?sortby=post_date%3ADesc&pagesize=100
Rhein-Neckar Air,https://www.airlinequality.com/airline-reviews/rhein-neckar-air/?sortby=post_date%3ADesc&pagesize=100
Rossiya Airlines,https://www.airlinequality.com/airline-reviews/rossiya-airlines/?sortby=post_date%3ADesc&pagesize=100
Royal Air Maroc,https://www.airlinequality.com/airline-reviews/royal-air-maroc/?sortby=post_date%3ADesc&pagesize=100
Royal Brunei Airlines,https://www.airlinequality.com/airline-reviews/royal-brunei-airlines/?sortby=post_date%3ADesc&pagesize=100
Royal Jordanian Airlines,https://www.airlinequality.com/airline-reviews/royal-jordanian-airlines/?sortby=post_date%3ADesc&pagesize=100
Rwandair,https://www.airlinequality.com/airline-reviews/rwandair/?sortby=post_date%3ADesc&pagesize=100
Ryanair,https://www.airlinequality.com/airline-reviews/ryanair/?sortby=post_date%3ADesc&pagesize=100
S7 Siberia Airlines,https://www.airlinequality.com/airline-reviews/s7-siberia-airlines/?sortby=post_date%3ADesc&pagesize=100
SA Express,https://www.airlinequality.com/airline-reviews/sa-express/?sortby=post_date%3ADesc&pagesize=100
Safarilink,https://www.airlinequality.com/airline-reviews/safarilink/?sortby=post_date%3ADesc&pagesize=100
Safi Airways,https://www.airlinequality.com/airline-reviews/safi-airways/?sortby=post_date%3ADesc&pagesize=100
Salam Air,https://www.airlinequality.com/airline-reviews/salam-air/?sortby=post_date%3ADesc&pagesize=100
Sansa Airlines,https://www.airlinequality.com/airline-reviews/sansa-airlines/?sortby=post_date%3ADesc&pagesize=100
Santa Barbara Airlines,https://www.airlinequality.com/airline-reviews/santa-barbara-airlines/?sortby=post_date%3ADesc&pagesize=100
SAS Scandinavian,https://www.airlinequality.com/airline-reviews/sas-scandinavian/?sortby=post_date%3ADesc&pagesize=100
SATA Air Azores,https://www.airlinequality.com/airline-reviews/sata-air-azores/?sortby=post_date%3ADesc&pagesize=100
SATA International,https://www.airlinequality.com/airline-reviews/sata-international/?sortby=post_date%3ADesc&pagesize=100
SATENA,https://www.airlinequality.com/airline-reviews/satena/?sortby=post_date%3ADesc&pagesize=100
Saudi Arabian Airlines,https://www.airlinequality.com/airline-reviews/saudi-arabian-airlines/?sortby=post_date%3ADesc&pagesize=100
SCAT Airlines,https://www.airlinequality.com/airline-reviews/scat-airlines/?sortby=post_date%3ADesc&pagesize=100
Scoot,https://www.airlinequality.com/airline-reviews/scoot/?sortby=post_date%3ADesc&pagesize=100
Seaborne Airlines,https://www.airlinequality.com/airline-reviews/seaborne-airlines/?sortby=post_date%3ADesc&pagesize=100
SereneAir,https://www.airlinequality.com/airline-reviews/sereneair/?sortby=post_date%3ADesc&pagesize=100
Shaheen Air,https://www.airlinequality.com/airline-reviews/shaheen-air/?sortby=post_date%3ADesc&pagesize=100
Shandong Airlines,https://www.airlinequality.com/airline-reviews/shandong-airlines/?sortby=post_date%3ADesc&pagesize=100
Shanghai Airlines,https://www.airlinequality.com/airline-reviews/shanghai-airlines/?sortby=post_date%3ADesc&pagesize=100
Shenzhen Airlines,https://www.airlinequality.com/airline-reviews/shenzhen-airlines/?sortby=post_date%3ADesc&pagesize=100
Sichuan Airlines,https://www.airlinequality.com/airline-reviews/sichuan-airlines/?sortby=post_date%3ADesc&pagesize=100
SilkAir,https://www.airlinequality.com/airline-reviews/silkair/?sortby=post_date%3ADesc&pagesize=100
Silver Airways,https://www.airlinequality.com/airline-reviews/silver-airways/?sortby=post_date%3ADesc&pagesize=100
Singapore Airlines,https://www.airlinequality.com/airline-reviews/singapore-airlines/?sortby=post_date%3ADesc&pagesize=100
Sky Airline,https://www.airlinequality.com/airline-reviews/sky-airline/?sortby=post_date%3ADesc&pagesize=100
Sky Express Airlines,https://www.airlinequality.com/airline-reviews/sky-express-airlines/?sortby=post_date%3ADesc&pagesize=100
Skybus,https://www.airlinequality.com/airline-reviews/skybus/?sortby=post_date%3ADesc&pagesize=100
Skymark Airlines,https://www.airlinequality.com/airline-reviews/skymark-airlines/?sortby=post_date%3ADesc&pagesize=100
Skytrans Airlines,https://www.airlinequality.com/airline-reviews/skytrans-airlines/?sortby=post_date%3ADesc&pagesize=100
SkyUp Airlines,https://www.airlinequality.com/airline-reviews/skyup-airlines/?sortby=post_date%3ADesc&pagesize=100
SkyWest Airlines,https://www.airlinequality.com/airline-reviews/skywest-airlines/?sortby=post_date%3ADesc&pagesize=100
SkyWork Airlines,https://www.airlinequality.com/airline-reviews/skywork-airlines/?sortby=post_date%3ADesc&pagesize=100
Small Planet Airlines,https://www.airlinequality.com/airline-reviews/small-planet-airlines/?sortby=post_date%3ADesc&pagesize=100
Smartavia,https://www.airlinequality.com/airline-reviews/smartavia/?sortby=post_date%3ADesc&pagesize=100
SmartLynx Airlines,https://www.airlinequality.com/airline-reviews/smartlynx-airlines/?sortby=post_date%3ADesc&pagesize=100
SmartWings,https://www.airlinequality.com/airline-reviews/smartwings/?sortby=post_date%3ADesc&pagesize=100
Sol Líneas Aéreas,https://www.airlinequality.com/airline-reviews/sol-lineas-aereas/?sortby=post_date%3ADesc&pagesize=100
Solomon Airlines,https://www.airlinequality.com/airline-reviews/solomon-airlines/?sortby=post_date%3ADesc&pagesize=100
Somon Air,https://www.airlinequality.com/airline-reviews/somon-air/?sortby=post_date%3ADesc&pagesize=100
South African Airways,https://www.airlinequality.com/airline-reviews/south-african-airways/?sortby=post_date%3ADesc&pagesize=100
Southern Airways Express,https://www.airlinequality.com/airline-reviews/southern-airways-express/?sortby=post_date%3ADesc&pagesize=100
Southwest Airlines,https://www.airlinequality.com/airline-reviews/southwest-airlines/?sortby=post_date%3ADesc&pagesize=100
SpiceJet,https://www.airlinequality.com/airline-reviews/spicejet/?sortby=post_date%3ADesc&pagesize=100
Spirit Airlines,https://www.airlinequality.com/airline-reviews/spirit-airlines/?sortby=post_date%3ADesc&pagesize=100
Spring Airlines,https://www.airlinequality.com/airline-reviews/spring-airlines/?sortby=post_date%3ADesc&pagesize=100
SriLankan Airlines,https://www.airlinequality.com/airline-reviews/srilankan-airlines/?sortby=post_date%3ADesc&pagesize=100
Sriwijaya Air,https://www.airlinequality.com/airline-reviews/sriwijaya-air/?sortby=post_date%3ADesc&pagesize=100
Star Peru,https://www.airlinequality.com/airline-reviews/star-peru/?sortby=post_date%3ADesc&pagesize=100
StarFlyer,https://www.airlinequality.com/airline-reviews/starflyer/?sortby=post_date%3ADesc&pagesize=100
STARLUX Airlines,https://www.airlinequality.com/airline-reviews/starlux-airlines/?sortby=post_date%3ADesc&pagesize=100
Sudan Airways,https://www.airlinequality.com/airline-reviews/sudan-airways/?sortby=post_date%3ADesc&pagesize=100
Sun Country Airlines,https://www.airlinequality.com/airline-reviews/sun-country-airlines/?sortby=post_date%3ADesc&pagesize=100
Sun-Air,https://www.airlinequality.com/airline-reviews/sun-air/?sortby=post_date%3ADesc&pagesize=100
SunExpress,https://www.airlinequality.com/airline-reviews/sunexpress/?sortby=post_date%3ADesc&pagesize=100
Sunwing Airlines,https://www.airlinequality.com/airline-reviews/sunwing-airlines/?sortby=post_date%3ADesc&pagesize=100
Suparna Airlines,https://www.airlinequality.com/airline-reviews/suparna-airlines/?sortby=post_date%3ADesc&pagesize=100
Super Air Jet,https://www.airlinequality.com/airline-reviews/super-air-jet/?sortby=post_date%3ADesc&pagesize=100
Surinam Airways,https://www.airlinequality.com/airline-reviews/surinam-airways/?sortby=post_date%3ADesc&pagesize=100
SVG Air,https://www.airlinequality.com/airline-reviews/svg-air/?sortby=post_date%3ADesc&pagesize=100
Swiss Intl Air Lines,https://www.airlinequality.com/airline-reviews/swiss-intl-air-lines/?sortby=post_date%3ADesc&pagesize=100
Swoop,https://www.airlinequality.com/airline-reviews/swoop/?sortby=post_date%3ADesc&pagesize=100
SyrianAir,https://www.airlinequality.com/airline-reviews/syrianair/?sortby=post_date%3ADesc&pagesize=100
T'Way Air,https://www.airlinequality.com/airline-reviews/t'way-air/?sortby=post_date%3ADesc&pagesize=100
TAAG Angola Airlines,https://www.airlinequality.com/airline-reviews/taag-angola-airlines/?sortby=post_date%3ADesc&pagesize=100
TACA Airlines,https://www.airlinequality.com/airline-reviews/taca-airlines/?sortby=post_date%3ADesc&pagesize=100
TACA Regional,https://www.airlinequality.com/airline-reviews/taca-regional/?sortby=post_date%3ADesc&pagesize=100
TACV Cabo Verde Airlines,https://www.airlinequality.com/airline-reviews/tacv-cabo-verde-airlines/?sortby=post_date%3ADesc&pagesize=100
TAG Airlines,https://www.airlinequality.com/airline-reviews/tag-airlines/?sortby=post_date%3ADesc&pagesize=100
Tailwind Airlines,https://www.airlinequality.com/airline-reviews/tailwind-airlines/?sortby=post_date%3ADesc&pagesize=100
Tajik Air,https://www.airlinequality.com/airline-reviews/tajik-air/?sortby=post_date%3ADesc&pagesize=100
TAM Airlines,https://www.airlinequality.com/airline-reviews/tam-airlines/?sortby=post_date%3ADesc&pagesize=100
TAME,https://www.airlinequality.com/airline-reviews/tame/?sortby=post_date%3ADesc&pagesize=100
Tame Línea Aérea Del Ecuador,https://www.airlinequality.com/airline-reviews/tame-linea-aerea-del-ecuador/?sortby=post_date%3ADesc&pagesize=100
TAP Portugal,https://www.airlinequality.com/airline-reviews/tap-portugal/?sortby=post_date%3ADesc&pagesize=100
TAR Aerolineas,https://www.airlinequality.com/airline-reviews/tar-aerolineas/?sortby=post_date%3ADesc&pagesize=100
Tara Air,https://www.airlinequality.com/airline-reviews/tara-air/?sortby=post_date%3ADesc&pagesize=100
TAROM Romanian,https://www.airlinequality.com/airline-reviews/tarom-romanian/?sortby=post_date%3ADesc&pagesize=100
Thai AirAsia,https://www.airlinequality.com/airline-reviews/thai-airasia/?sortby=post_date%3ADesc&pagesize=100
Thai Airways,https://www.airlinequality.com/airline-reviews/thai-airways/?sortby=post_date%3ADesc&pagesize=100
Thai Lion Air,https://www.airlinequality.com/airline-reviews/thai-lion-air/?sortby=post_date%3ADesc&pagesize=100
Thai Smile Airways,https://www.airlinequality.com/airline-reviews/thai-smile-airways/?sortby=post_date%3ADesc&pagesize=100
Thomas Cook Airlines,https://www.airlinequality.com/airline-reviews/thomas-cook-airlines/?sortby=post_date%3ADesc&pagesize=100
Thomas Cook Airlines Belgium,https://www.airlinequality.com/airline-reviews/thomas-cook-airlines-belgium/?sortby=post_date%3ADesc&pagesize=100
Thomas Cook Airlines Scandinavia,https://www.airlinequality.com/airline-reviews/thomas-cook-airlines-scandinavia/?sortby=post_date%3ADesc&pagesize=100
Thomson Airways,https://www.airlinequality.com/airline-reviews/thomson-airways/?sortby=post_date%3ADesc&pagesize=100
Tianjin Airlines,https://www.airlinequality.com/airline-reviews/tianjin-airlines/?sortby=post_date%3ADesc&pagesize=100
Tibet Airlines,https://www.airlinequality.com/airline-reviews/tibet-airlines/?sortby=post_date%3ADesc&pagesize=100
Tigerair,https://www.airlinequality.com/airline-reviews/tigerair/?sortby=post_date%3ADesc&pagesize=100
Tigerair Australia,https://www.airlinequality.com/airline-reviews/tigerair-australia/?sortby=post_date%3ADesc&pagesize=100
Tigerair Taiwan,https://www.airlinequality.com/airline-reviews/tigerair-taiwan/?sortby=post_date%3ADesc&pagesize=100
Titan Airways,https://www.airlinequality.com/airline-reviews/titan-airways/?sortby=post_date%3ADesc&pagesize=100
Transaero Airlines,https://www.airlinequality.com/airline-reviews/transaero-airlines/?sortby=post_date%3ADesc&pagesize=100
TransAsia Airways,https://www.airlinequality.com/airline-reviews/transasia-airways/?sortby=post_date%3ADesc&pagesize=100
Transavia,https://www.airlinequality.com/airline-reviews/transavia/?sortby=post_date%3ADesc&pagesize=100
TransNusa,https://www.airlinequality.com/airline-reviews/transnusa/?sortby=post_date%3ADesc&pagesize=100
Trigana Air,https://www.airlinequality.com/airline-reviews/trigana-air/?sortby=post_date%3ADesc&pagesize=100
Tropic Air Belize,https://www.airlinequality.com/airline-reviews/tropic-air-belize/?sortby=post_date%3ADesc&pagesize=100
TUI Airways,https://www.airlinequality.com/airline-reviews/tui-airways/?sortby=post_date%3ADesc&pagesize=100
TUIfly,https://www.airlinequality.com/airline-reviews/tuifly/?sortby=post_date%3ADesc&pagesize=100
TUIfly Nordic,https://www.airlinequality.com/airline-reviews/tuifly-nordic/?sortby=post_date%3ADesc&pagesize=100
Tunisair,https://www.airlinequality.com/airline-reviews/tunisair/?sortby=post_date%3ADesc&pagesize=100
Turkish Airlines,https://www.airlinequality.com/airline-reviews/turkish-airlines/?sortby=post_date%3ADesc&pagesize=100
Turkmenistan Airlines,https://www.airlinequality.com/airline-reviews/turkmenistan-airlines/?sortby=post_date%3ADesc&pagesize=100
TUS Airways,https://www.airlinequality.com/airline-reviews/tus-airways/?sortby=post_date%3ADesc&pagesize=100
Uganda Airlines,https://www.airlinequality.com/airline-reviews/uganda-airlines/?sortby=post_date%3ADesc&pagesize=100
Ukraine International,https://www.airlinequality.com/airline-reviews/ukraine-international/?sortby=post_date%3ADesc&pagesize=100
Ultra Air,https://www.airlinequality.com/airline-reviews/ultra-air/?sortby=post_date%3ADesc&pagesize=100
United Airlines,https://www.airlinequality.com/airline-reviews/united-airlines/?sortby=post_date%3ADesc&pagesize=100
UP by El Al,https://www.airlinequality.com/airline-reviews/up-by-el-al/?sortby=post_date%3ADesc&pagesize=100
Ural Airlines,https://www.airlinequality.com/airline-reviews/ural-airlines/?sortby=post_date%3ADesc&pagesize=100
US Airways,https://www.airlinequality.com/airline-reviews/us-airways/?sortby=post_date%3ADesc&pagesize=100
US-Bangla Airlines,https://www.airlinequality.com/airline-reviews/us-bangla-airlines/?sortby=post_date%3ADesc&pagesize=100
Utair Aviation,https://www.airlinequality.com/airline-reviews/utair-aviation/?sortby=post_date%3ADesc&pagesize=100
Uzbekistan Airways,https://www.airlinequality.com/airline-reviews/uzbekistan-airways/?sortby=post_date%3ADesc&pagesize=100
V Air,https://www.airlinequality.com/airline-reviews/v-air/?sortby=post_date%3ADesc&pagesize=100
Vanilla Air,https://www.airlinequality.com/airline-reviews/vanilla-air/?sortby=post_date%3ADesc&pagesize=100
ViaAir,https://www.airlinequality.com/airline-reviews/viaair/?sortby=post_date%3ADesc&pagesize=100
VietJet Air,https://www.airlinequality.com/airline-reviews/vietjet-air/?sortby=post_date%3ADesc&pagesize=100
Vietnam Airlines,https://www.airlinequality.com/airline-reviews/vietnam-airlines/?sortby=post_date%3ADesc&pagesize=100
Virgin America,https://www.airlinequality.com/airline-reviews/virgin-america/?sortby=post_date%3ADesc&pagesize=100
Virgin Atlantic,https://www.airlinequality.com/airline-reviews/virgin-atlantic/?sortby=post_date%3ADesc&pagesize=100
Virgin Australia,https://www.airlinequality.com/airline-reviews/virgin-australia/?sortby=post_date%3ADesc&pagesize=100
Vistara,https://www.airlinequality.com/airline-reviews/vistara/?sortby=post_date%3ADesc&pagesize=100
Viva Air,https://www.airlinequality.com/airline-reviews/viva-air/?sortby=post_date%3ADesc&pagesize=100
VivaAerobús,https://www.airlinequality.com/airline-reviews/vivaaerobus/?sortby=post_date%3ADesc&pagesize=100
VivaColombia,https://www.airlinequality.com/airline-reviews/vivacolombia/?sortby=post_date%3ADesc&pagesize=100
VLM Airlines,https://www.airlinequality.com/airline-reviews/vlm-airlines/?sortby=post_date%3ADesc&pagesize=100
Volaris,https://www.airlinequality.com/airline-reviews/volaris/?sortby=post_date%3ADesc&pagesize=100
Volotea,https://www.airlinequality.com/airline-reviews/volotea/?sortby=post_date%3ADesc&pagesize=100
Voyage Air,https://www.airlinequality.com/airline-reviews/voyage-air/?sortby=post_date%3ADesc&pagesize=100
Vueling Airlines,https://www.airlinequality.com/airline-reviews/vueling-airlines/?sortby=post_date%3ADesc&pagesize=100
Wamos Air,https://www.airlinequality.com/airline-reviews/wamos-air/?sortby=post_date%3ADesc&pagesize=100
WestJet Airlines,https://www.airlinequality.com/airline-reviews/westjet-airlines/?sortby=post_date%3ADesc&pagesize=100
Wideroe,https://www.airlinequality.com/airline-reviews/wideroe/?sortby=post_date%3ADesc&pagesize=100
Winair,https://www.airlinequality.com/airline-reviews/winair/?sortby=post_date%3ADesc&pagesize=100
Wingo,https://www.airlinequality.com/airline-reviews/wingo/?sortby=post_date%3ADesc&pagesize=100
Wings Air,https://www.airlinequality.com/airline-reviews/wings-air/?sortby=post_date%3ADesc&pagesize=100
Wizz Air,https://www.airlinequality.com/airline-reviews/wizz-air/?sortby=post_date%3ADesc&pagesize=100
World2Fly,https://www.airlinequality.com/airline-reviews/world2fly/?sortby=post_date%3ADesc&pagesize=100
WOW air,https://www.airlinequality.com/airline-reviews/wow-air/?sortby=post_date%3ADesc&pagesize=100
Xiamen Airlines,https://www.airlinequality.com/airline-reviews/xiamen-airlines/?sortby=post_date%3ADesc&pagesize=100
XL Airways France,https://www.airlinequality.com/airline-reviews/xl-airways-france/?sortby=post_date%3ADesc&pagesize=100
Yakutia Airlines,https://www.airlinequality.com/airline-reviews/yakutia-airlines/?sortby=post_date%3ADesc&pagesize=100
Yangon Airways,https://www.airlinequality.com/airline-reviews/yangon-airways/?sortby=post_date%3ADesc&pagesize=100
Yemenia,https://www.airlinequality.com/airline-reviews/yemenia/?sortby=post_date%3ADesc&pagesize=100
Yeti Airlines,https://www.airlinequality.com/airline-reviews/yeti-airlines/?sortby=post_date%3ADesc&pagesize=100
Zambia Airways,https://www.airlinequality.com/airline-reviews/zambia-airways/?sortby=post_date%3ADesc&pagesize=100
ZIPAIR,https://www.airlinequality.com/airline-reviews/zipair/?sortby=post_date%3ADesc&pagesize=100
